minimum_confidence,minimum_edge_atr,valid,score,search_trades,search_net_pips,search_mean_net_pips,search_profit_factor,confirm_trades,confirm_net_pips,confirm_mean_net_pips,confirm_profit_factor
0.5131065132903325,0.025829762792872746,True,34.29525869170335,86,24.53068400000204,0.2852405116279307,1.081814697445486,61,204.25083400000847,3.3483743278689913,2.014565454473972
0.5131065132903325,0.04083507830233437,True,31.311411974762798,73,18.44116200000733,0.252618657534347,1.0772477800663705,52,212.6580880000144,4.089578615384893,2.4644410598424114
0.5131065132903325,0.056925073588158126,True,164.55140628205334,66,96.9468040000023,1.4688909696970045,1.6028214266176273,49,174.660506000009,3.5645001224491635,2.1760501270354484
0.5131065132903325,0.0860119011132914,True,131.7477018282155,53,176.35728200001222,3.3274958867926836,3.490326705228893,37,44.37017800000615,1.1991940000001662,1.3415400214099105
0.5131065132903325,0.12682651405046586,True,132.0662546692183,42,102.36614800000807,2.4372892380954303,2.60661764925171,31,38.07501399999956,1.228226258064502,1.3405366261383909
0.5131065132903325,0.19483192882845432,False,120.54480913820693,32,35.17420800001426,1.0991940000004456,1.7403086522029079,24,40.68065600000622,1.6950273333335926,1.485402668908078
0.5131065132903325,0.29969106176825633,False,-11.655768699977386,25,40.579850000010964,1.6231940000004386,2.169122255030649,16,-1.9128959999964756,-0.11955599999977973,0.9617463965366831
0.5131065132903325,0.4345173400651338,False,185.8663950619802,21,43.58307400000696,2.075384476190808,3.0745882294708275,9,14.592745999999774,1.621416222222197,2.122379747988012
0.5131065132903325,0.6016196660410419,False,290.1613274995791,13,31.88952200000362,2.453040153846432,3.1834905917467853,5,13.095970000001,2.6191940000002,9.725957918610417
0.5131065132903325,0.7595152762504,False,207.6920237551343,8,19.19355200000262,2.3991940000003273,2.698181044091865,3,5.197581999998909,1.7325273333329696,4.463193777208866
0.5131065132903325,0.8177333880012002,False,112.45437752564646,6,6.095164000001181,1.0158606666668635,1.539279647948006,3,5.197581999998909,1.7325273333329696,4.463193777208866
0.5149550535852588,0.025829762792872746,True,37.94779322078207,86,27.430684000001648,0.31896144186048425,1.0914867727366546,61,204.25083400000847,3.3483743278689913,2.014565454473972
0.5149550535852588,0.04083507830233437,True,35.61396964562804,73,21.34116200000694,0.29234468493160193,1.0893955266233584,52,212.6580880000144,4.089578615384893,2.4644410598424114
0.5149550535852588,0.056925073588158126,True,169.39299338485128,66,99.84680400000191,1.5128303636363927,1.6208538120605847,49,174.660506000009,3.5645001224491635,2.1760501270354484
0.5149550535852588,0.0860119011132914,True,131.8347018282155,53,179.25728200001183,3.3822128679247516,3.531277367221758,37,44.37017800000615,1.1991940000001662,1.3415400214099105
0.5149550535852588,0.12682651405046586,True,132.25525466921835,42,108.66614800000924,2.587289238095458,2.7054949772360244,31,38.07501399999956,1.228226258064502,1.3405366261383909
0.5149550535852588,0.19483192882845432,False,120.54480913820693,32,35.17420800001426,1.0991940000004456,1.7403086522029079,24,40.68065600000622,1.6950273333335926,1.485402668908078
0.5149550535852588,0.29969106176825633,False,-11.655768699977386,25,40.579850000010964,1.6231940000004386,2.169122255030649,16,-1.9128959999964756,-0.11955599999977973,0.9617463965366831
0.5149550535852588,0.4345173400651338,False,185.8663950619802,21,43.58307400000696,2.075384476190808,3.0745882294708275,9,14.592745999999774,1.621416222222197,2.122379747988012
0.5149550535852588,0.6016196660410419,False,290.1613274995791,13,31.88952200000362,2.453040153846432,3.1834905917467853,5,13.095970000001,2.6191940000002,9.725957918610417
0.5149550535852588,0.7595152762504,False,207.6920237551343,8,19.19355200000262,2.3991940000003273,2.698181044091865,3,5.197581999998909,1.7325273333329696,4.463193777208866
0.5149550535852588,0.8177333880012002,False,112.45437752564646,6,6.095164000001181,1.0158606666668635,1.539279647948006,3,5.197581999998909,1.7325273333329696,4.463193777208866
0.5170241234650076,0.025829762792872746,True,37.94779322078207,86,27.430684000001648,0.31896144186048425,1.0914867727366546,61,204.25083400000847,3.3483743278689913,2.014565454473972
0.5170241234650076,0.04083507830233437,True,35.61396964562804,73,21.34116200000694,0.29234468493160193,1.0893955266233584,52,212.6580880000144,4.089578615384893,2.4644410598424114
0.5170241234650076,0.056925073588158126,True,169.39299338485128,66,99.84680400000191,1.5128303636363927,1.6208538120605847,49,174.660506000009,3.5645001224491635,2.1760501270354484
0.5170241234650076,0.0860119011132914,True,131.8347018282155,53,179.25728200001183,3.3822128679247516,3.531277367221758,37,44.37017800000615,1.1991940000001662,1.3415400214099105
0.5170241234650076,0.12682651405046586,True,132.25525466921835,42,108.66614800000924,2.587289238095458,2.7054949772360244,31,38.07501399999956,1.228226258064502,1.3405366261383909
0.5170241234650076,0.19483192882845432,False,120.54480913820693,32,35.17420800001426,1.0991940000004456,1.7403086522029079,24,40.68065600000622,1.6950273333335926,1.485402668908078
0.5170241234650076,0.29969106176825633,False,-11.655768699977386,25,40.579850000010964,1.6231940000004386,2.169122255030649,16,-1.9128959999964756,-0.11955599999977973,0.9617463965366831
0.5170241234650076,0.4345173400651338,False,185.8663950619802,21,43.58307400000696,2.075384476190808,3.0745882294708275,9,14.592745999999774,1.621416222222197,2.122379747988012
0.5170241234650076,0.6016196660410419,False,290.1613274995791,13,31.88952200000362,2.453040153846432,3.1834905917467853,5,13.095970000001,2.6191940000002,9.725957918610417
0.5170241234650076,0.7595152762504,False,207.6920237551343,8,19.19355200000262,2.3991940000003273,2.698181044091865,3,5.197581999998909,1.7325273333329696,4.463193777208866
0.5170241234650076,0.8177333880012002,False,112.45437752564646,6,6.095164000001181,1.0158606666668635,1.539279647948006,3,5.197581999998909,1.7325273333329696,4.463193777208866
0.5194059023246139,0.025829762792872746,True,37.54881740078206,86,27.430684000001648,0.31896144186048425,1.0914867727366546,60,190.9516400000084,3.1825273333334736,1.948505000567835
0.5194059023246139,0.04083507830233437,True,35.214993825628035,73,21.34116200000694,0.29234468493160193,1.0893955266233584,51,199.35889400001432,3.908997921568908,2.3728579654039406
0.5194059023246139,0.056925073588158126,True,168.99401756485128,66,99.84680400000191,1.5128303636363927,1.6208538120605847,48,161.36131200000892,3.361694000000186,2.0865020136619052
0.5194059023246139,0.0860119011132914,True,131.8347018282155,53,179.25728200001183,3.3822128679247516,3.531277367221758,37,44.37017800000615,1.1991940000001662,1.3415400214099105
0.5194059023246139,0.12682651405046586,True,132.25525466921835,42,108.66614800000924,2.587289238095458,2.7054949772360244,31,38.07501399999956,1.228226258064502,1.3405366261383909
0.5194059023246139,0.19483192882845432,False,120.54480913820693,32,35.17420800001426,1.0991940000004456,1.7403086522029079,24,40.68065600000622,1.6950273333335926,1.485402668908078
0.5194059023246139,0.29969106176825633,False,-11.655768699977386,25,40.579850000010964,1.6231940000004386,2.169122255030649,16,-1.9128959999964756,-0.11955599999977973,0.9617463965366831
0.5194059023246139,0.4345173400651338,False,185.8663950619802,21,43.58307400000696,2.075384476190808,3.0745882294708275,9,14.592745999999774,1.621416222222197,2.122379747988012
0.5194059023246139,0.6016196660410419,False,290.1613274995791,13,31.88952200000362,2.453040153846432,3.1834905917467853,5,13.095970000001,2.6191940000002,9.725957918610417
0.5194059023246139,0.7595152762504,False,207.6920237551343,8,19.19355200000262,2.3991940000003273,2.698181044091865,3,5.197581999998909,1.7325273333329696,4.463193777208866
0.5194059023246139,0.8177333880012002,False,112.45437752564646,6,6.095164000001181,1.0158606666668635,1.539279647948006,3,5.197581999998909,1.7325273333329696,4.463193777208866
0.5223710863809302,0.025829762792872746,True,37.54881740078206,86,27.430684000001648,0.31896144186048425,1.0914867727366546,60,190.9516400000084,3.1825273333334736,1.948505000567835
0.5223710863809302,0.04083507830233437,True,35.214993825628035,73,21.34116200000694,0.29234468493160193,1.0893955266233584,51,199.35889400001432,3.908997921568908,2.3728579654039406
0.5223710863809302,0.056925073588158126,True,168.99401756485128,66,99.84680400000191,1.5128303636363927,1.6208538120605847,48,161.36131200000892,3.361694000000186,2.0865020136619052
0.5223710863809302,0.0860119011132914,True,131.8347018282155,53,179.25728200001183,3.3822128679247516,3.531277367221758,37,44.37017800000615,1.1991940000001662,1.3415400214099105
0.5223710863809302,0.12682651405046586,True,132.25525466921835,42,108.66614800000924,2.587289238095458,2.7054949772360244,31,38.07501399999956,1.228226258064502,1.3405366261383909
0.5223710863809302,0.19483192882845432,False,120.54480913820693,32,35.17420800001426,1.0991940000004456,1.7403086522029079,24,40.68065600000622,1.6950273333335926,1.485402668908078
0.5223710863809302,0.29969106176825633,False,-11.655768699977386,25,40.579850000010964,1.6231940000004386,2.169122255030649,16,-1.9128959999964756,-0.11955599999977973,0.9617463965366831
0.5223710863809302,0.4345173400651338,False,185.8663950619802,21,43.58307400000696,2.075384476190808,3.0745882294708275,9,14.592745999999774,1.621416222222197,2.122379747988012
0.5223710863809302,0.6016196660410419,False,290.1613274995791,13,31.88952200000362,2.453040153846432,3.1834905917467853,5,13.095970000001,2.6191940000002,9.725957918610417
0.5223710863809302,0.7595152762504,False,207.6920237551343,8,19.19355200000262,2.3991940000003273,2.698181044091865,3,5.197581999998909,1.7325273333329696,4.463193777208866
0.5223710863809302,0.8177333880012002,False,112.45437752564646,6,6.095164000001181,1.0158606666668635,1.539279647948006,3,5.197581999998909,1.7325273333329696,4.463193777208866
0.5259177955976313,0.025829762792872746,True,37.54881740078206,86,27.430684000001648,0.31896144186048425,1.0914867727366546,60,190.9516400000084,3.1825273333334736,1.948505000567835
0.5259177955976313,0.04083507830233437,True,35.214993825628035,73,21.34116200000694,0.29234468493160193,1.0893955266233584,51,199.35889400001432,3.908997921568908,2.3728579654039406
0.5259177955976313,0.056925073588158126,True,168.99401756485128,66,99.84680400000191,1.5128303636363927,1.6208538120605847,48,161.36131200000892,3.361694000000186,2.0865020136619052
0.5259177955976313,0.0860119011132914,True,131.8347018282155,53,179.25728200001183,3.3822128679247516,3.531277367221758,37,44.37017800000615,1.1991940000001662,1.3415400214099105
0.5259177955976313,0.12682651405046586,True,132.25525466921835,42,108.66614800000924,2.587289238095458,2.7054949772360244,31,38.07501399999956,1.228226258064502,1.3405366261383909
0.5259177955976313,0.19483192882845432,False,120.54480913820693,32,35.17420800001426,1.0991940000004456,1.7403086522029079,24,40.68065600000622,1.6950273333335926,1.485402668908078
0.5259177955976313,0.29969106176825633,False,-11.655768699977386,25,40.579850000010964,1.6231940000004386,2.169122255030649,16,-1.9128959999964756,-0.11955599999977973,0.9617463965366831
0.5259177955976313,0.4345173400651338,False,185.8663950619802,21,43.58307400000696,2.075384476190808,3.0745882294708275,9,14.592745999999774,1.621416222222197,2.122379747988012
0.5259177955976313,0.6016196660410419,False,290.1613274995791,13,31.88952200000362,2.453040153846432,3.1834905917467853,5,13.095970000001,2.6191940000002,9.725957918610417
0.5259177955976313,0.7595152762504,False,207.6920237551343,8,19.19355200000262,2.3991940000003273,2.698181044091865,3,5.197581999998909,1.7325273333329696,4.463193777208866
0.5259177955976313,0.8177333880012002,False,112.45437752564646,6,6.095164000001181,1.0158606666668635,1.539279647948006,3,5.197581999998909,1.7325273333329696,4.463193777208866
0.5307250628893305,0.025829762792872746,True,35.82078516078205,86,27.430684000001648,0.31896144186048425,1.0914867727366546,56,143.15486400000822,2.556336857143004,1.7182244277192937
0.5307250628893305,0.04083507830233437,True,34.324018005627984,73,21.34116200000694,0.29234468493160193,1.0893955266233584,50,169.65970000001266,3.3931940000002534,2.1683384968670802
0.5307250628893305,0.056925073588158126,True,168.99401756485128,66,99.84680400000191,1.5128303636363927,1.6208538120605847,48,161.36131200000892,3.361694000000186,2.0865020136619052
0.5307250628893305,0.0860119011132914,True,131.8347018282155,53,179.25728200001183,3.3822128679247516,3.531277367221758,37,44.37017800000615,1.1991940000001662,1.3415400214099105
0.5307250628893305,0.12682651405046586,True,132.25525466921835,42,108.66614800000924,2.587289238095458,2.7054949772360244,31,38.07501399999956,1.228226258064502,1.3405366261383909
0.5307250628893305,0.19483192882845432,False,120.54480913820693,32,35.17420800001426,1.0991940000004456,1.7403086522029079,24,40.68065600000622,1.6950273333335926,1.485402668908078
0.5307250628893305,0.29969106176825633,False,-11.655768699977386,25,40.579850000010964,1.6231940000004386,2.169122255030649,16,-1.9128959999964756,-0.11955599999977973,0.9617463965366831
0.5307250628893305,0.4345173400651338,False,185.8663950619802,21,43.58307400000696,2.075384476190808,3.0745882294708275,9,14.592745999999774,1.621416222222197,2.122379747988012
0.5307250628893305,0.6016196660410419,False,290.1613274995791,13,31.88952200000362,2.453040153846432,3.1834905917467853,5,13.095970000001,2.6191940000002,9.725957918610417
0.5307250628893305,0.7595152762504,False,207.6920237551343,8,19.19355200000262,2.3991940000003273,2.698181044091865,3,5.197581999998909,1.7325273333329696,4.463193777208866
0.5307250628893305,0.8177333880012002,False,112.45437752564646,6,6.095164000001181,1.0158606666668635,1.539279647948006,3,5.197581999998909,1.7325273333329696,4.463193777208866
0.5361097449039604,0.025829762792872746,True,82.40894926862687,84,61.532296000004244,0.7325273333333838,1.2312977887644019,54,170.95647600000916,3.1658606666668363,1.929535029338427
0.5361097449039604,0.04083507830233437,True,74.52913328371702,73,48.44116200000797,0.6635775616439448,1.2082356979660973,49,166.06050600001058,3.388989918367563,2.143553135889222
0.5361097449039604,0.056925073588158126,True,184.74641328850154,66,109.3468040000018,1.6567697575757847,1.679925419546142,47,157.7621180000068,3.3566408085107833,2.0622673846787087
0.5361097449039604,0.0860119011132914,True,131.8347018282155,53,179.25728200001183,3.3822128679247516,3.531277367221758,37,44.37017800000615,1.1991940000001662,1.3415400214099105
0.5361097449039604,0.12682651405046586,True,132.25525466921835,42,108.66614800000924,2.587289238095458,2.7054949772360244,31,38.07501399999956,1.228226258064502,1.3405366261383909
0.5361097449039604,0.19483192882845432,False,120.54480913820693,32,35.17420800001426,1.0991940000004456,1.7403086522029079,24,40.68065600000622,1.6950273333335926,1.485402668908078
0.5361097449039604,0.29969106176825633,False,-11.655768699977386,25,40.579850000010964,1.6231940000004386,2.169122255030649,16,-1.9128959999964756,-0.11955599999977973,0.9617463965366831
0.5361097449039604,0.4345173400651338,False,185.8663950619802,21,43.58307400000696,2.075384476190808,3.0745882294708275,9,14.592745999999774,1.621416222222197,2.122379747988012
0.5361097449039604,0.6016196660410419,False,290.1613274995791,13,31.88952200000362,2.453040153846432,3.1834905917467853,5,13.095970000001,2.6191940000002,9.725957918610417
0.5361097449039604,0.7595152762504,False,207.6920237551343,8,19.19355200000262,2.3991940000003273,2.698181044091865,3,5.197581999998909,1.7325273333329696,4.463193777208866
0.5361097449039604,0.8177333880012002,False,112.45437752564646,6,6.095164000001181,1.0158606666668635,1.539279647948006,3,5.197581999998909,1.7325273333329696,4.463193777208866
0.5429823118013649,0.025829762792872746,True,104.81725771560997,82,77.13390800000474,0.9406574146342042,1.3391583716094575,53,150.35728200000833,2.836929849056761,1.8175318291839169
0.5429823118013649,0.04083507830233437,True,92.21220865458747,71,58.24277400000917,0.8203207605635094,1.2939710539117946,49,166.06050600001058,3.388989918367563,2.143553135889222
0.5429823118013649,0.056925073588158126,True,144.8986858923603,64,82.84841600000257,1.2945065000000402,1.5386029196177997,47,157.7621180000068,3.3566408085107833,2.0622673846787087
0.5429823118013649,0.0860119011132914,True,131.0397501882155,51,152.7588940000126,2.9952724313727956,3.3937352192521106,37,44.37017800000615,1.1991940000001662,1.3415400214099105
0.5429823118013649,0.12682651405046586,True,132.46527884921835,41,115.66695400000944,2.8211452195124256,3.039459709321962,31,38.07501399999956,1.228226258064502,1.3405366261383909
0.5429823118013649,0.19483192882845432,False,120.54480913820693,32,35.17420800001426,1.0991940000004456,1.7403086522029079,24,40.68065600000622,1.6950273333335926,1.485402668908078
0.5429823118013649,0.29969106176825633,False,-11.655768699977386,25,40.579850000010964,1.6231940000004386,2.169122255030649,16,-1.9128959999964756,-0.11955599999977973,0.9617463965366831
0.5429823118013649,0.4345173400651338,False,185.8663950619802,21,43.58307400000696,2.075384476190808,3.0745882294708275,9,14.592745999999774,1.621416222222197,2.122379747988012
0.5429823118013649,0.6016196660410419,False,290.1613274995791,13,31.88952200000362,2.453040153846432,3.1834905917467853,5,13.095970000001,2.6191940000002,9.725957918610417
0.5429823118013649,0.7595152762504,False,207.6920237551343,8,19.19355200000262,2.3991940000003273,2.698181044091865,3,5.197581999998909,1.7325273333329696,4.463193777208866
0.5429823118013649,0.8177333880012002,False,112.45437752564646,6,6.095164000001181,1.0158606666668635,1.539279647948006,3,5.197581999998909,1.7325273333329696,4.463193777208866
0.5510293967108563,0.025829762792872746,True,60.29448715325761,79,44.13632600000377,0.5586876708861237,1.1940677562322466,50,68.7597000000041,1.375194000000082,1.377768762907518
0.5510293967108563,0.04083507830233437,True,40.10597972925897,68,25.245192000008203,0.37125282352953237,1.1274210548152608,46,76.26292400000463,1.6578896521740136,1.5135048759007688
0.5510293967108563,0.056925073588158126,True,92.84489986966598,62,52.75002800000322,0.8508069032258584,1.342931349354,44,71.26453600000242,1.6196485454546006,1.479848985528078
0.5510293967108563,0.0860119011132914,True,144.11995052046632,49,110.06050600001275,2.246132775510464,2.724650542841172,37,49.37017800000397,1.3343291351352424,1.3800275863470755
0.5510293967108563,0.12682651405046586,True,148.9877187434138,40,93.96776000000949,2.3491940000002374,2.656855773129805,31,43.07501399999738,1.3895165806450769,1.3852557989452934
0.5510293967108563,0.19483192882845432,False,121.88801179675737,32,35.17420800001426,1.0991940000004456,1.7403086522029079,24,45.68065600000405,1.9033606666668355,1.5450628018356036
0.5510293967108563,0.29969106176825633,False,-11.655768699977386,25,40.579850000010964,1.6231940000004386,2.169122255030649,16,-1.9128959999964756,-0.11955599999977973,0.9617463965366831
0.5510293967108563,0.4345173400651338,False,185.8663950619802,21,43.58307400000696,2.075384476190808,3.0745882294708275,9,14.592745999999774,1.621416222222197,2.122379747988012
0.5510293967108563,0.6016196660410419,False,290.1613274995791,13,31.88952200000362,2.453040153846432,3.1834905917467853,5,13.095970000001,2.6191940000002,9.725957918610417
0.5510293967108563,0.7595152762504,False,207.6920237551343,8,19.19355200000262,2.3991940000003273,2.698181044091865,3,5.197581999998909,1.7325273333329696,4.463193777208866
0.5510293967108563,0.8177333880012002,False,112.45437752564646,6,6.095164000001181,1.0158606666668635,1.539279647948006,3,5.197581999998909,1.7325273333329696,4.463193777208866
0.5661965220057251,0.025829762792872746,True,6.74367755117398,70,6.143580000010293,0.08776542857157561,1.0298485627007912,46,27.362924000004178,0.5948461739131343,1.1609446412655806
0.5661965220057251,0.04083507830233437,True,11.534521590540956,61,7.950834000012324,0.1303415409838086,1.0450416646079739,43,18.065342000003188,0.4201242325582137,1.1152019811840563
0.5661965220057251,0.056925073588158126,True,55.719455742550345,56,29.454864000009056,0.525979714285876,1.2021342066981116,41,31.066954000004017,0.7577305853659516,1.2161725261242238
0.5661965220057251,0.0860119011132914,True,50.89098027722627,43,78.46534200001022,1.824775395349075,2.2987657731947535,36,16.9709840000041,0.47141622222233615,1.1306343697496064
0.5661965220057251,0.12682651405046586,True,38.32073926440064,38,76.16937200001155,2.004457157895041,2.3430315220228524,30,10.675819999997515,0.35586066666658384,1.0954827678870966
0.5661965220057251,0.19483192882845432,False,61.010362050110565,32,35.17420800001426,1.0991940000004456,1.7403086522029079,23,13.28146200000418,0.577454869565399,1.158474757678496
0.5661965220057251,0.29969106176825633,False,-11.655768699977386,25,40.579850000010964,1.6231940000004386,2.169122255030649,16,-1.9128959999964756,-0.11955599999977973,0.9617463965366831
0.5661965220057251,0.4345173400651338,False,185.8663950619802,21,43.58307400000696,2.075384476190808,3.0745882294708275,9,14.592745999999774,1.621416222222197,2.122379747988012
0.5661965220057251,0.6016196660410419,False,290.1613274995791,13,31.88952200000362,2.453040153846432,3.1834905917467853,5,13.095970000001,2.6191940000002,9.725957918610417
0.5661965220057251,0.7595152762504,False,207.6920237551343,8,19.19355200000262,2.3991940000003273,2.698181044091865,3,5.197581999998909,1.7325273333329696,4.463193777208866
0.5661965220057251,0.8177333880012002,False,112.45437752564646,6,6.095164000001181,1.0158606666668635,1.539279647948006,3,5.197581999998909,1.7325273333329696,4.463193777208866
0.5877478128688325,0.025829762792872746,True,141.47257904297098,52,95.25808800000783,1.8318863076924583,2.4385586023999255,38,49.26937200000798,1.2965624210528415,1.4540450008843107
0.5877478128688325,0.04083507830233437,True,180.78099341742873,49,93.46050600001342,1.9073572653063964,2.4397118312065267,38,62.46937200000658,1.6439308421054364,1.6554191813442167
0.5877478128688325,0.056925073588158126,True,179.98867665966387,47,100.76211800001121,2.1438748510640684,2.70738933965544,37,60.570178000004084,1.6370318378379483,1.6354931257934207
0.5877478128688325,0.0860119011132914,True,135.99668645186802,39,86.86856600001553,2.2273991282055263,2.6830524189104454,34,41.87259600000582,1.2315469411766418,1.5020015757101497
0.5877478128688325,0.12682651405046586,True,200.55698039355144,36,64.97098400001197,1.804749555555888,2.2587933336000092,29,57.17662599999918,1.9716077931034202,1.8754911108981083
0.5877478128688325,0.19483192882845432,False,147.1018270128072,31,40.2750140000144,1.2991940000004645,1.9496116319666863,22,42.68226800000377,1.9401030909092625,1.7844959056380028
0.5877478128688325,0.29969106176825633,False,-11.655768699977386,25,40.579850000010964,1.6231940000004386,2.169122255030649,16,-1.9128959999964756,-0.11955599999977973,0.9617463965366831
0.5877478128688325,0.4345173400651338,False,185.8663950619802,21,43.58307400000696,2.075384476190808,3.0745882294708275,9,14.592745999999774,1.621416222222197,2.122379747988012
0.5877478128688325,0.6016196660410419,False,290.1613274995791,13,31.88952200000362,2.453040153846432,3.1834905917467853,5,13.095970000001,2.6191940000002,9.725957918610417
0.5877478128688325,0.7595152762504,False,207.6920237551343,8,19.19355200000262,2.3991940000003273,2.698181044091865,3,5.197581999998909,1.7325273333329696,4.463193777208866
0.5877478128688325,0.8177333880012002,False,112.45437752564646,6,6.095164000001181,1.0158606666668635,1.539279647948006,3,5.197581999998909,1.7325273333329696,4.463193777208866
0.6395486284797015,0.025829762792872746,True,178.42741513991726,42,86.76614800000743,2.0658606666668438,2.7488059742527464,26,41.57904400000109,1.599194000000042,1.7858974769956335
0.6395486284797015,0.04083507830233437,True,213.08822778143838,41,87.46695400000993,2.133340341463657,2.7881892071881564,26,48.979044000000435,1.8838093846154014,2.07630997699489
0.6395486284797015,0.056925073588158126,True,213.11322778143833,41,87.56695400000854,2.1357793658538666,2.7865811074628772,26,48.979044000000435,1.8838093846154014,2.07630997699489
0.6395486284797015,0.0860119011132914,True,223.84393168000213,36,75.17098400001214,2.088082888889226,2.533698069994057,25,49.97985000000068,1.9991940000000272,2.0565124229999427
0.6395486284797015,0.12682651405046586,False,244.03300991311534,35,75.77179000000956,2.1649082857145587,2.545956190795519,22,50.98226800000073,2.3173758181818513,2.23728845808295
0.6395486284797015,0.19483192882845432,False,180.9001956295254,31,48.475014000011605,1.5637101290326325,2.1429527288095427,18,39.88549200000185,2.215860666666769,2.1394280493130786
0.6395486284797015,0.29969106176825633,False,102.51512474123713,25,40.579850000010964,1.6231940000004386,2.169122255030649,14,13.188716000003026,0.942051142857359,1.377856539775033
0.6395486284797015,0.4345173400651338,False,250.85241426849765,21,43.58307400000696,2.075384476190808,3.0745882294708275,8,26.09355200000109,3.261694000000136,18.386359063060226
0.6395486284797015,0.6016196660410419,False,290.1613274995791,13,31.88952200000362,2.453040153846432,3.1834905917467853,5,13.095970000001,2.6191940000002,9.725957918610417
0.6395486284797015,0.7595152762504,False,207.6920237551343,8,19.19355200000262,2.3991940000003273,2.698181044091865,3,5.197581999998909,1.7325273333329696,4.463193777208866
0.6395486284797015,0.8177333880012002,False,112.45437752564646,6,6.095164000001181,1.0158606666668635,1.539279647948006,3,5.197581999998909,1.7325273333329696,4.463193777208866
0.6981537002356454,0.025829762792872746,False,172.89503608776027,38,56.469372000008725,1.4860361052633875,2.1427690831205135,22,34.48226800000173,1.5673758181818969,2.108553490071057
0.6981537002356454,0.04083507830233437,False,178.82644433604653,37,57.17017800001123,1.5451399459462494,2.1735954290646355,22,34.48226800000173,1.5673758181818969,2.108553490071057
0.6981537002356454,0.056925073588158126,False,176.09374163334118,37,56.17017800001025,1.518112918919196,2.125345861944192,22,34.48226800000173,1.5673758181818969,2.108553490071057
0.6981537002356454,0.0860119011132914,False,170.88961143124678,34,51.6725960000124,1.5197822352944823,2.035238700588012,21,31.283073999999047,1.4896701904761451,2.005704174181593
0.6981537002356454,0.12682651405046586,False,175.28064294713994,33,50.57340200001115,1.5325273333336713,2.01321681168862,18,32.285491999999095,1.7936384444443942,2.2912115367002075
0.6981537002356454,0.19483192882845432,False,117.70491956118595,30,30.875820000012148,1.029194000000405,1.6936376370572501,15,21.8879100000003,1.45919400000002,2.1640010146762014
0.6981537002356454,0.29969106176825633,False,110.83224574884595,25,38.77985000001033,1.5511940000004132,2.079903475526417,12,11.690328000001344,0.974194000000112,1.6250434684417148
0.6981537002356454,0.4345173400651338,False,250.85241426849765,21,43.58307400000696,2.075384476190808,3.0745882294708275,8,26.09355200000109,3.261694000000136,18.386359063060226
0.6981537002356454,0.6016196660410419,False,290.1613274995791,13,31.88952200000362,2.453040153846432,3.1834905917467853,5,13.095970000001,2.6191940000002,9.725957918610417
0.6981537002356454,0.7595152762504,False,207.6920237551343,8,19.19355200000262,2.3991940000003273,2.698181044091865,3,5.197581999998909,1.7325273333329696,4.463193777208866
0.6981537002356454,0.8177333880012002,False,112.45437752564646,6,6.095164000001181,1.0158606666668635,1.539279647948006,3,5.197581999998909,1.7325273333329696,4.463193777208866
0.7710635805928803,0.025829762792872746,False,175.83586420711032,28,41.47743200001132,1.4813368571432615,2.2876677626391957,16,36.88710399999689,2.3054439999998055,4.687521543053973
0.7710635805928803,0.04083507830233437,False,175.83586420711032,28,41.47743200001132,1.4813368571432615,2.2876677626391957,16,36.88710399999689,2.3054439999998055,4.687521543053973
0.7710635805928803,0.056925073588158126,False,175.83586420711032,28,41.47743200001132,1.4813368571432615,2.2876677626391957,16,36.88710399999689,2.3054439999998055,4.687521543053973
0.7710635805928803,0.0860119011132914,False,170.86859279521104,26,37.87904400001173,1.456886307692759,2.175955730296742,15,32.68790999999614,2.1791939999997423,4.267737481435391
0.7710635805928803,0.12682651405046586,False,191.69508275316275,26,42.47904400000946,1.6338093846157484,2.3187628285793873,14,35.48871599999516,2.53490828571394,5.927333570474138
0.7710635805928803,0.19483192882845432,False,219.07460989170562,26,47.37904400000912,1.8222709230772738,2.7347790751988974,12,35.29032799999777,2.940860666666481,10.796289048076101
0.7710635805928803,0.29969106176825633,False,254.0279986327897,24,50.480656000007656,2.1033606666669855,3.085144152304543,10,25.89193999999948,2.589193999999948,8.39429154343708
0.7710635805928803,0.4345173400651338,False,272.91311842548157,21,46.28307400000507,2.203955904762146,3.5280162944633364,8,26.09355200000109,3.261694000000136,18.386359063060226
0.7710635805928803,0.6016196660410419,False,290.1613274995791,13,31.88952200000362,2.453040153846432,3.1834905917467853,5,13.095970000001,2.6191940000002,9.725957918610417
0.7710635805928803,0.7595152762504,False,207.6920237551343,8,19.19355200000262,2.3991940000003273,2.698181044091865,3,5.197581999998909,1.7325273333329696,4.463193777208866
0.7710635805928803,0.8177333880012002,False,112.45437752564646,6,6.095164000001181,1.0158606666668635,1.539279647948006,3,5.197581999998909,1.7325273333329696,4.463193777208866
0.828189058863478,0.025829762792872746,False,125.97335158841318,20,37.88387999999644,1.8941939999998219,2.6253553491791988,6,6.095164000000205,1.0158606666667007,2.1716021280871614
0.828189058863478,0.04083507830233437,False,125.97335158841318,20,37.88387999999644,1.8941939999998219,2.6253553491791988,6,6.095164000000205,1.0158606666667007,2.1716021280871614
0.828189058863478,0.056925073588158126,False,125.97335158841318,20,37.88387999999644,1.8941939999998219,2.6253553491791988,6,6.095164000000205,1.0158606666667007,2.1716021280871614
0.828189058863478,0.0860119011132914,False,125.97335158841318,20,37.88387999999644,1.8941939999998219,2.6253553491791988,6,6.095164000000205,1.0158606666667007,2.1716021280871614
0.828189058863478,0.12682651405046586,False,125.97335158841318,20,37.88387999999644,1.8941939999998219,2.6253553491791988,6,6.095164000000205,1.0158606666667007,2.1716021280871614
0.828189058863478,0.19483192882845432,False,126.05339188841312,19,39.48468599999493,2.078141368420786,2.818962730153923,6,6.095164000000205,1.0158606666667007,2.1716021280871614
0.828189058863478,0.29969106176825633,False,126.19843218841314,18,42.38549199999541,2.3547495555553004,3.253774450123903,6,6.095164000000205,1.0158606666667007,2.1716021280871614
0.828189058863478,0.4345173400651338,False,213.76818759838577,15,40.7879100000026,2.719194000000173,3.7927674093704207,5,8.09597000000009,1.619194000000018,3.5287167839191955
0.828189058863478,0.6016196660410419,False,100.85971467811983,11,36.091134000003365,3.281012181818488,3.754370527436811,4,3.196775999998386,0.7991939999995965,1.998489510908007
0.828189058863478,0.7595152762504,False,-56.12059712672957,8,29.193552000002548,3.6491940000003185,5.356198478813897,3,-1.7024180000018871,-0.5674726666672957,0.46826223789726595
0.828189058863478,0.8177333880012002,False,0.23815819994768794,6,16.095164000001112,2.682527333333519,3.4016854452332126,2,-0.001612000001045999,-0.0008060000005229995,0.9989259104767401
